{"cameraMode":{"drawMode":0,"name":"Shaded","section":"Shading Mode"},"sceneLighting":false,"audioPlay":false,"sceneViewState":{"showFog":true,"showMaterialUpdate":false,"showSkybox":false,"showFlares":true,"showImageEffects":true,"showParticleSystems":true},"in2DMode":false,"pivot":{"x":-19.079999923706056,"y":0.0,"z":-10.600000381469727},"rotation":{"x":0.06176609918475151,"y":0.011972183361649514,"z":-0.0007410005200654268,"w":0.998020350933075},"size":1.243292212486267,"orthographic":false}